,name,value,year,lastValue,rank,Div
8120,Bayern Munich,293,2020.1,286,1,D1
8121,Dortmund,258,2020.1,252,2,D1
8122,M'gladbach,231,2020.1,227,3,D1
8123,Leverkusen,206,2020.1,197,4,D1
8124,Schalke 04,202,2020.1,200,5,D1
8125,Hoffenheim,199,2020.1,199,6,D1
8126,Wolfsburg,193,2020.1,188,7,D1
8127,Ein Frankfurt,181,2020.1,178,8,D1
8128,Mainz,177,2020.1,172,9,D1
8129,Hertha,170,2020.1,169,10,D1
8130,Werder Bremen,157,2020.1,157,11,D1
8131,Augsburg,156,2020.1,155,12,D1
8132,Freiburg,147,2020.1,141,13,D1
8133,RB Leipzig,130,2020.1,126,14,D1
8134,Stuttgart,113,2020.1,107,15,D1
8135,Hamburg,110,2020.1,104,16,D1
8136,FC Koln,107,2020.1,104,17,D1
8137,Hannover,106,2020.1,100,18,D1
8138,Ingolstadt,43,2020.1,41,19,D1
8139,Fortuna Dusseldorf,39,2020.1,38,20,D1
8140,Darmstadt,33,2020.1,30,21,D1
8141,Nurnberg,30,2020.1,29,22,D1
8142,Paderborn,25,2020.1,25,23,D1
8143,Union Berlin,19,2020.1,18,24,D1
8144,Braunschweig,18,2020.1,18,25,D1
8145,Bayern Munich,286,2020.0,283,1,D1
8146,Dortmund,252,2020.0,246,2,D1
8147,M'gladbach,227,2020.0,224,3,D1
8148,Schalke 04,200,2020.0,197,4,D1
8149,Hoffenheim,199,2020.0,196,5,D1
8150,Leverkusen,197,2020.0,194,6,D1
8151,Wolfsburg,188,2020.0,188,7,D1
8152,Ein Frankfurt,178,2020.0,175,8,D1
8153,Mainz,172,2020.0,172,9,D1
8154,Hertha,169,2020.0,168,10,D1
8155,Werder Bremen,157,2020.0,157,11,D1
8156,Augsburg,155,2020.0,152,12,D1
8157,Freiburg,141,2020.0,141,13,D1
8158,RB Leipzig,126,2020.0,122,14,D1
8159,Stuttgart,113,2020.0,107,15,D1
8160,Hamburg,110,2020.0,104,16,D1
8161,Hannover,106,2020.0,100,17,D1
8162,FC Koln,104,2020.0,98,18,D1
8163,Ingolstadt,43,2020.0,41,19,D1
8164,Fortuna Dusseldorf,38,2020.0,37,20,D1
8165,Darmstadt,33,2020.0,30,21,D1
8166,Nurnberg,30,2020.0,29,22,D1
8167,Paderborn,25,2020.0,25,23,D1
8168,Union Berlin,18,2020.0,15,24,D1
8169,Braunschweig,18,2020.0,18,24,D1
8170,Bayern Munich,283,2019.9,277,1,D1
8171,Dortmund,246,2019.9,242,2,D1
8172,M'gladbach,224,2019.9,215,3,D1
8173,Schalke 04,197,2019.9,190,4,D1
8174,Hoffenheim,196,2019.9,192,5,D1
8175,Leverkusen,194,2019.9,191,6,D1
8176,Wolfsburg,188,2019.9,184,7,D1
8177,Ein Frankfurt,175,2019.9,174,8,D1
8178,Mainz,172,2019.9,169,9,D1
8179,Hertha,168,2019.9,164,10,D1
8180,Werder Bremen,157,2019.9,157,11,D1
8181,Augsburg,152,2019.9,146,12,D1
8182,Freiburg,141,2019.9,138,13,D1
8183,RB Leipzig,122,2019.9,116,14,D1
8184,Stuttgart,113,2019.9,107,15,D1
8185,Hamburg,110,2019.9,104,16,D1
8186,Hannover,106,2019.9,100,17,D1
8187,FC Koln,98,2019.9,91,18,D1
8188,Ingolstadt,43,2019.9,41,19,D1
8189,Fortuna Dusseldorf,37,2019.9,34,20,D1
8190,Darmstadt,33,2019.9,30,21,D1
8191,Nurnberg,30,2019.9,29,22,D1
8192,Paderborn,25,2019.9,21,23,D1
8193,Braunschweig,18,2019.9,18,24,D1
8194,Union Berlin,15,2019.9,12,25,D1
8195,Bayern Munich,277,2019.8,271,1,D1
8196,Dortmund,242,2019.8,238,2,D1
8197,M'gladbach,215,2019.8,209,3,D1
8198,Hoffenheim,192,2019.8,186,4,D1
8199,Leverkusen,191,2019.8,189,5,D1
8200,Schalke 04,190,2019.8,188,6,D1
8201,Wolfsburg,184,2019.8,183,7,D1
8202,Ein Frankfurt,174,2019.8,171,8,D1
8203,Mainz,169,2019.8,166,9,D1
8204,Hertha,164,2019.8,164,10,D1
8205,Werder Bremen,157,2019.8,156,11,D1
8206,Augsburg,146,2019.8,143,12,D1
8207,Freiburg,138,2019.8,132,13,D1
8208,RB Leipzig,116,2019.8,110,14,D1
8209,Stuttgart,113,2019.8,107,15,D1
8210,Hamburg,110,2019.8,104,16,D1
8211,Hannover,106,2019.8,100,17,D1
8212,FC Koln,91,2019.8,88,18,D1
8213,Ingolstadt,43,2019.8,41,19,D1
8214,Fortuna Dusseldorf,34,2019.8,31,20,D1
8215,Darmstadt,33,2019.8,30,21,D1
8216,Nurnberg,30,2019.8,29,22,D1
8217,Paderborn,21,2019.8,18,23,D1
8218,Braunschweig,18,2019.8,18,24,D1
8219,Union Berlin,12,2019.8,6,25,D1
8220,Bayern Munich,271,2019.7,268,1,D1
8221,Dortmund,238,2019.7,231,2,D1
8222,M'gladbach,209,2019.7,203,3,D1
8223,Leverkusen,189,2019.7,185,4,D1
8224,Schalke 04,188,2019.7,184,5,D1
8225,Hoffenheim,186,2019.7,186,6,D1
8226,Wolfsburg,183,2019.7,179,7,D1
8227,Ein Frankfurt,171,2019.7,166,8,D1
8228,Mainz,166,2019.7,163,9,D1
8229,Hertha,164,2019.7,158,10,D1
8230,Werder Bremen,156,2019.7,155,11,D1
8231,Augsburg,143,2019.7,139,12,D1
8232,Freiburg,132,2019.7,130,13,D1
8233,Stuttgart,113,2019.7,107,14,D1
8234,Hamburg,110,2019.7,104,15,D1
8235,RB Leipzig,110,2019.7,108,15,D1
8236,Hannover,106,2019.7,100,16,D1
8237,FC Koln,88,2019.7,88,17,D1
8238,Ingolstadt,43,2019.7,41,18,D1
8239,Darmstadt,33,2019.7,30,19,D1
8240,Fortuna Dusseldorf,31,2019.7,28,20,D1
8241,Nurnberg,30,2019.7,29,21,D1
8242,Paderborn,18,2019.7,18,22,D1
8243,Braunschweig,18,2019.7,18,22,D1
8244,Union Berlin,6,2019.7,3,23,D1
8245,Bayern Munich,268,2019.6,264,1,D1
8246,Dortmund,231,2019.6,228,2,D1
8247,M'gladbach,203,2019.6,202,3,D1
8248,Hoffenheim,186,2019.6,183,4,D1
8249,Leverkusen,185,2019.6,181,5,D1
8250,Schalke 04,184,2019.6,181,6,D1
8251,Wolfsburg,179,2019.6,175,7,D1
8252,Ein Frankfurt,166,2019.6,160,8,D1
8253,Mainz,163,2019.6,163,9,D1
8254,Hertha,158,2019.6,158,10,D1
8255,Werder Bremen,155,2019.6,152,11,D1
8256,Augsburg,139,2019.6,138,12,D1
8257,Freiburg,130,2019.6,127,13,D1
8258,Stuttgart,113,2019.6,107,14,D1
8259,Hamburg,110,2019.6,104,15,D1
8260,RB Leipzig,108,2019.6,105,16,D1
8261,Hannover,106,2019.6,100,17,D1
8262,FC Koln,88,2019.6,88,18,D1
8263,Ingolstadt,43,2019.6,41,19,D1
8264,Darmstadt,33,2019.6,30,20,D1
8265,Nurnberg,30,2019.6,29,21,D1
8266,Fortuna Dusseldorf,28,2019.6,27,22,D1
8267,Paderborn,18,2019.6,18,23,D1
8268,Braunschweig,18,2019.6,18,23,D1
8269,Union Berlin,3,2019.6,0,24,D1
8270,Bayern Munich,264,2019.5,258,1,D1
8271,Dortmund,228,2019.5,225,2,D1
8272,M'gladbach,202,2019.5,201,3,D1
8273,Hoffenheim,183,2019.5,183,4,D1
8274,Leverkusen,181,2019.5,177,5,D1
8275,Schalke 04,181,2019.5,179,5,D1
8276,Wolfsburg,175,2019.5,168,6,D1
8277,Mainz,163,2019.5,159,7,D1
8278,Ein Frankfurt,160,2019.5,159,8,D1
8279,Hertha,158,2019.5,154,9,D1
8280,Werder Bremen,152,2019.5,148,10,D1
8281,Augsburg,138,2019.5,138,11,D1
8282,Freiburg,127,2019.5,123,12,D1
8283,Stuttgart,113,2019.5,107,13,D1
8284,Hamburg,110,2019.5,104,14,D1
8285,Hannover,106,2019.5,100,15,D1
8286,RB Leipzig,105,2019.5,101,16,D1
8287,FC Koln,88,2019.5,87,17,D1
8288,Ingolstadt,43,2019.5,41,18,D1
8289,Darmstadt,33,2019.5,30,19,D1
8290,Nurnberg,30,2019.5,29,20,D1
8291,Fortuna Dusseldorf,27,2019.5,21,21,D1
8292,Paderborn,18,2019.5,17,22,D1
8293,Braunschweig,18,2019.5,18,22,D1
8294,Union Berlin,0,2019.5,0,23,D1
8295,Bayern Munich,264,2019.4,258,1,D1
8296,Dortmund,228,2019.4,225,2,D1
8297,M'gladbach,202,2019.4,201,3,D1
8298,Hoffenheim,183,2019.4,183,4,D1
8299,Schalke 04,181,2019.4,179,5,D1
8300,Leverkusen,181,2019.4,177,5,D1
8301,Wolfsburg,175,2019.4,168,6,D1
8302,Mainz,163,2019.4,159,7,D1
8303,Ein Frankfurt,160,2019.4,159,8,D1
8304,Hertha,158,2019.4,154,9,D1
8305,Werder Bremen,152,2019.4,148,10,D1
8306,Augsburg,138,2019.4,138,11,D1
8307,Freiburg,127,2019.4,123,12,D1
8308,Stuttgart,113,2019.4,107,13,D1
8309,Hamburg,110,2019.4,104,14,D1
8310,Hannover,106,2019.4,100,15,D1
8311,RB Leipzig,105,2019.4,101,16,D1
8312,FC Koln,88,2019.4,87,17,D1
8313,Ingolstadt,43,2019.4,41,18,D1
8314,Darmstadt,33,2019.4,30,19,D1
8315,Nurnberg,30,2019.4,29,20,D1
8316,Fortuna Dusseldorf,27,2019.4,21,21,D1
8317,Paderborn,18,2019.4,17,22,D1
8318,Braunschweig,18,2019.4,18,22,D1
8319,Union Berlin,0,2019.4,0,23,D1
8320,Bayern Munich,264,2019.3,258,1,D1
8321,Dortmund,228,2019.3,225,2,D1
8322,M'gladbach,202,2019.3,201,3,D1
8323,Hoffenheim,183,2019.3,183,4,D1
8324,Leverkusen,181,2019.3,177,5,D1
8325,Schalke 04,181,2019.3,179,5,D1
8326,Wolfsburg,175,2019.3,168,6,D1
8327,Mainz,163,2019.3,159,7,D1
8328,Ein Frankfurt,160,2019.3,159,8,D1
8329,Hertha,158,2019.3,154,9,D1
8330,Werder Bremen,152,2019.3,148,10,D1
8331,Augsburg,138,2019.3,138,11,D1
8332,Freiburg,127,2019.3,123,12,D1
8333,Stuttgart,113,2019.3,107,13,D1
8334,Hamburg,110,2019.3,104,14,D1
8335,Hannover,106,2019.3,100,15,D1
8336,RB Leipzig,105,2019.3,101,16,D1
8337,FC Koln,88,2019.3,87,17,D1
8338,Ingolstadt,43,2019.3,41,18,D1
8339,Darmstadt,33,2019.3,30,19,D1
8340,Nurnberg,30,2019.3,29,20,D1
8341,Fortuna Dusseldorf,27,2019.3,21,21,D1
8342,Braunschweig,18,2019.3,18,22,D1
8343,Paderborn,18,2019.3,17,22,D1
8344,Union Berlin,0,2019.3,0,23,D1
8345,Bayern Munich,258,2019.2,249,1,D1
8346,Dortmund,225,2019.2,219,2,D1
8347,M'gladbach,201,2019.2,199,3,D1
8348,Hoffenheim,183,2019.2,177,4,D1
8349,Schalke 04,179,2019.2,179,5,D1
8350,Leverkusen,177,2019.2,174,6,D1
8351,Wolfsburg,168,2019.2,162,7,D1
8352,Mainz,159,2019.2,153,8,D1
8353,Ein Frankfurt,159,2019.2,153,8,D1
8354,Hertha,154,2019.2,154,9,D1
8355,Werder Bremen,148,2019.2,142,10,D1
8356,Augsburg,138,2019.2,132,11,D1
8357,Freiburg,123,2019.2,122,12,D1
8358,Hamburg,110,2019.2,104,13,D1
8359,Stuttgart,107,2019.2,105,14,D1
8360,RB Leipzig,101,2019.2,95,15,D1
8361,Hannover,100,2019.2,100,16,D1
8362,FC Koln,88,2019.2,87,17,D1
8363,Ingolstadt,43,2019.2,41,18,D1
8364,Darmstadt,33,2019.2,30,19,D1
8365,Nurnberg,29,2019.2,25,20,D1
8366,Fortuna Dusseldorf,21,2019.2,18,21,D1
8367,Paderborn,18,2019.2,17,22,D1
8368,Braunschweig,18,2019.2,18,22,D1
8369,Union Berlin,0,2019.2,0,23,D1
8370,Bayern Munich,249,2019.1,240,1,D1
8371,Dortmund,219,2019.1,212,2,D1
8372,M'gladbach,199,2019.1,199,3,D1
8373,Schalke 04,179,2019.1,178,4,D1
8374,Hoffenheim,177,2019.1,171,5,D1
8375,Leverkusen,174,2019.1,168,6,D1
8376,Wolfsburg,162,2019.1,158,7,D1
8377,Hertha,154,2019.1,150,8,D1
8378,Mainz,153,2019.1,150,9,D1
8379,Ein Frankfurt,153,2019.1,149,9,D1
8380,Werder Bremen,142,2019.1,135,10,D1
8381,Augsburg,132,2019.1,129,11,D1
8382,Freiburg,122,2019.1,115,12,D1
8383,Hamburg,110,2019.1,104,13,D1
8384,Stuttgart,105,2019.1,102,14,D1
8385,Hannover,100,2019.1,97,15,D1
8386,RB Leipzig,95,2019.1,92,16,D1
8387,FC Koln,88,2019.1,87,17,D1
8388,Ingolstadt,43,2019.1,41,18,D1
8389,Darmstadt,33,2019.1,30,19,D1
8390,Nurnberg,25,2019.1,24,20,D1
8391,Paderborn,18,2019.1,17,21,D1
8392,Braunschweig,18,2019.1,18,21,D1
8393,Fortuna Dusseldorf,18,2019.1,12,21,D1
8394,Union Berlin,0,2019.1,0,22,D1
8395,Bayern Munich,240,2019.0,237,1,D1
8396,Dortmund,212,2019.0,209,2,D1
8397,M'gladbach,199,2019.0,196,3,D1
8398,Schalke 04,178,2019.0,175,4,D1
8399,Hoffenheim,171,2019.0,170,5,D1
8400,Leverkusen,168,2019.0,165,6,D1
8401,Wolfsburg,158,2019.0,158,7,D1
8402,Hertha,150,2019.0,149,8,D1
8403,Mainz,150,2019.0,147,8,D1
8404,Ein Frankfurt,149,2019.0,145,9,D1
8405,Werder Bremen,135,2019.0,134,10,D1
8406,Augsburg,129,2019.0,126,11,D1
8407,Freiburg,115,2019.0,115,12,D1
8408,Hamburg,110,2019.0,104,13,D1
8409,Stuttgart,102,2019.0,101,14,D1
8410,Hannover,97,2019.0,97,15,D1
8411,RB Leipzig,92,2019.0,92,16,D1
8412,FC Koln,88,2019.0,87,17,D1
8413,Ingolstadt,43,2019.0,41,18,D1
8414,Darmstadt,33,2019.0,30,19,D1
8415,Nurnberg,24,2019.0,23,20,D1
8416,Paderborn,18,2019.0,17,21,D1
8417,Braunschweig,18,2019.0,18,21,D1
8418,Fortuna Dusseldorf,12,2019.0,12,22,D1
8419,Union Berlin,0,2019.0,0,23,D1
8420,Bayern Munich,237,2018.9,231,1,D1
8421,Dortmund,209,2018.9,200,2,D1
8422,M'gladbach,196,2018.9,190,3,D1
8423,Schalke 04,175,2018.9,175,4,D1
8424,Hoffenheim,170,2018.9,167,5,D1
8425,Leverkusen,165,2018.9,159,6,D1
8426,Wolfsburg,158,2018.9,154,7,D1
8427,Hertha,149,2018.9,145,8,D1
8428,Mainz,147,2018.9,145,9,D1
8429,Ein Frankfurt,145,2018.9,142,10,D1
8430,Werder Bremen,134,2018.9,130,11,D1
8431,Augsburg,126,2018.9,125,12,D1
8432,Freiburg,115,2018.9,111,13,D1
8433,Hamburg,110,2018.9,104,14,D1
8434,Stuttgart,101,2018.9,95,15,D1
8435,Hannover,97,2018.9,97,16,D1
8436,RB Leipzig,92,2018.9,83,17,D1
8437,FC Koln,88,2018.9,87,18,D1
8438,Ingolstadt,43,2018.9,41,19,D1
8439,Darmstadt,33,2018.9,30,20,D1
8440,Nurnberg,23,2018.9,22,21,D1
8441,Paderborn,18,2018.9,17,22,D1
8442,Braunschweig,18,2018.9,18,22,D1
8443,Fortuna Dusseldorf,12,2018.9,6,23,D1
8444,Union Berlin,0,2018.9,0,24,D1
8445,Bayern Munich,231,2018.8,229,1,D1
8446,Dortmund,200,2018.8,196,2,D1
8447,M'gladbach,190,2018.8,181,3,D1
8448,Schalke 04,175,2018.8,169,4,D1
8449,Hoffenheim,167,2018.8,161,5,D1
8450,Leverkusen,159,2018.8,155,6,D1
8451,Wolfsburg,154,2018.8,151,7,D1
8452,Hertha,145,2018.8,143,8,D1
8453,Mainz,145,2018.8,142,8,D1
8454,Ein Frankfurt,142,2018.8,139,9,D1
8455,Werder Bremen,130,2018.8,130,10,D1
8456,Augsburg,125,2018.8,123,11,D1
8457,Freiburg,111,2018.8,107,12,D1
8458,Hamburg,110,2018.8,104,13,D1
8459,Hannover,97,2018.8,94,14,D1
8460,Stuttgart,95,2018.8,95,15,D1
8461,FC Koln,88,2018.8,87,16,D1
8462,RB Leipzig,83,2018.8,79,17,D1
8463,Ingolstadt,43,2018.8,41,18,D1
8464,Darmstadt,33,2018.8,30,19,D1
8465,Nurnberg,22,2018.8,21,20,D1
8466,Paderborn,18,2018.8,17,21,D1
8467,Braunschweig,18,2018.8,18,21,D1
8468,Fortuna Dusseldorf,6,2018.8,3,22,D1
8469,Union Berlin,0,2018.8,0,23,D1
8470,Bayern Munich,229,2018.7,225,1,D1
8471,Dortmund,196,2018.7,187,2,D1
8472,M'gladbach,181,2018.7,175,3,D1
8473,Schalke 04,169,2018.7,166,4,D1
8474,Hoffenheim,161,2018.7,160,5,D1
8475,Leverkusen,155,2018.7,152,6,D1
8476,Wolfsburg,151,2018.7,149,7,D1
8477,Hertha,143,2018.7,137,8,D1
8478,Mainz,142,2018.7,137,9,D1
8479,Ein Frankfurt,139,2018.7,132,10,D1
8480,Werder Bremen,130,2018.7,123,11,D1
8481,Augsburg,123,2018.7,120,12,D1
8482,Hamburg,110,2018.7,104,13,D1
8483,Freiburg,107,2018.7,102,14,D1
8484,Stuttgart,95,2018.7,91,15,D1
8485,Hannover,94,2018.7,91,16,D1
8486,FC Koln,88,2018.7,87,17,D1
8487,RB Leipzig,79,2018.7,70,18,D1
8488,Ingolstadt,43,2018.7,41,19,D1
8489,Darmstadt,33,2018.7,30,20,D1
8490,Nurnberg,21,2018.7,15,21,D1
8491,Paderborn,18,2018.7,17,22,D1
8492,Braunschweig,18,2018.7,18,22,D1
8493,Fortuna Dusseldorf,3,2018.7,0,23,D1
8494,Union Berlin,0,2018.7,0,24,D1
8495,Bayern Munich,225,2018.6,222,1,D1
8496,Dortmund,187,2018.6,184,2,D1
8497,M'gladbach,175,2018.6,172,3,D1
8498,Schalke 04,166,2018.6,166,4,D1
8499,Hoffenheim,160,2018.6,157,5,D1
8500,Leverkusen,152,2018.6,152,6,D1
8501,Wolfsburg,149,2018.6,146,7,D1
8502,Mainz,137,2018.6,134,8,D1
8503,Hertha,137,2018.6,134,8,D1
8504,Ein Frankfurt,132,2018.6,132,9,D1
8505,Werder Bremen,123,2018.6,122,10,D1
8506,Augsburg,120,2018.6,119,11,D1
8507,Hamburg,110,2018.6,104,12,D1
8508,Freiburg,102,2018.6,102,13,D1
8509,Stuttgart,91,2018.6,91,14,D1
8510,Hannover,91,2018.6,90,14,D1
8511,FC Koln,88,2018.6,87,15,D1
8512,RB Leipzig,70,2018.6,69,16,D1
8513,Ingolstadt,43,2018.6,41,17,D1
8514,Darmstadt,33,2018.6,30,18,D1
8515,Paderborn,18,2018.6,17,19,D1
8516,Braunschweig,18,2018.6,18,19,D1
8517,Nurnberg,15,2018.6,14,20,D1
8518,Union Berlin,0,2018.6,0,21,D1
8519,Fortuna Dusseldorf,0,2018.6,0,21,D1
8520,Bayern Munich,222,2018.5,219,1,D1
8521,Dortmund,184,2018.5,181,2,D1
8522,M'gladbach,172,2018.5,169,3,D1
8523,Schalke 04,166,2018.5,162,4,D1
8524,Hoffenheim,157,2018.5,151,5,D1
8525,Leverkusen,152,2018.5,149,6,D1
8526,Wolfsburg,146,2018.5,143,7,D1
8527,Hertha,134,2018.5,133,8,D1
8528,Mainz,134,2018.5,131,8,D1
8529,Ein Frankfurt,132,2018.5,129,9,D1
8530,Werder Bremen,122,2018.5,120,10,D1
8531,Augsburg,119,2018.5,116,11,D1
8532,Hamburg,110,2018.5,104,12,D1
8533,Freiburg,102,2018.5,96,13,D1
8534,Stuttgart,91,2018.5,85,14,D1
8535,Hannover,90,2018.5,87,15,D1
8536,FC Koln,88,2018.5,87,16,D1
8537,RB Leipzig,69,2018.5,66,17,D1
8538,Ingolstadt,43,2018.5,41,18,D1
8539,Darmstadt,33,2018.5,30,19,D1
8540,Braunschweig,18,2018.5,18,20,D1
8541,Paderborn,18,2018.5,17,20,D1
8542,Nurnberg,14,2018.5,14,21,D1
8543,Fortuna Dusseldorf,0,2018.5,0,22,D1
8544,Union Berlin,0,2018.5,0,22,D1
8545,Bayern Munich,222,2018.4,219,1,D1
8546,Dortmund,184,2018.4,181,2,D1
8547,M'gladbach,172,2018.4,169,3,D1
8548,Schalke 04,166,2018.4,162,4,D1
8549,Hoffenheim,157,2018.4,151,5,D1
8550,Leverkusen,152,2018.4,149,6,D1
8551,Wolfsburg,146,2018.4,143,7,D1
8552,Mainz,134,2018.4,131,8,D1
8553,Hertha,134,2018.4,133,8,D1
8554,Ein Frankfurt,132,2018.4,129,9,D1
8555,Werder Bremen,122,2018.4,120,10,D1
8556,Augsburg,119,2018.4,116,11,D1
8557,Hamburg,110,2018.4,104,12,D1
8558,Freiburg,102,2018.4,96,13,D1
8559,Stuttgart,91,2018.4,85,14,D1
8560,Hannover,90,2018.4,87,15,D1
8561,FC Koln,88,2018.4,87,16,D1
8562,RB Leipzig,69,2018.4,66,17,D1
8563,Ingolstadt,43,2018.4,41,18,D1
8564,Darmstadt,33,2018.4,30,19,D1
8565,Braunschweig,18,2018.4,18,20,D1
8566,Paderborn,18,2018.4,17,20,D1
8567,Nurnberg,14,2018.4,14,21,D1
8568,Fortuna Dusseldorf,0,2018.4,0,22,D1
8569,Union Berlin,0,2018.4,0,22,D1
8570,Bayern Munich,222,2018.3,219,1,D1
8571,Dortmund,184,2018.3,181,2,D1
8572,M'gladbach,172,2018.3,169,3,D1
8573,Schalke 04,166,2018.3,162,4,D1
8574,Hoffenheim,157,2018.3,151,5,D1
8575,Leverkusen,152,2018.3,149,6,D1
8576,Wolfsburg,146,2018.3,143,7,D1
8577,Mainz,134,2018.3,131,8,D1
8578,Hertha,134,2018.3,133,8,D1
8579,Ein Frankfurt,132,2018.3,129,9,D1
8580,Werder Bremen,122,2018.3,120,10,D1
8581,Augsburg,119,2018.3,116,11,D1
8582,Hamburg,110,2018.3,104,12,D1
8583,Freiburg,102,2018.3,96,13,D1
8584,Stuttgart,91,2018.3,85,14,D1
8585,Hannover,90,2018.3,87,15,D1
8586,FC Koln,88,2018.3,87,16,D1
8587,RB Leipzig,69,2018.3,66,17,D1
8588,Ingolstadt,43,2018.3,41,18,D1
8589,Darmstadt,33,2018.3,30,19,D1
8590,Paderborn,18,2018.3,17,20,D1
8591,Braunschweig,18,2018.3,18,20,D1
8592,Nurnberg,14,2018.3,14,21,D1
8593,Union Berlin,0,2018.3,0,22,D1
8594,Fortuna Dusseldorf,0,2018.3,0,22,D1
8595,Bayern Munich,219,2018.2,213,1,D1
8596,Dortmund,181,2018.2,175,2,D1
8597,M'gladbach,169,2018.2,162,3,D1
8598,Schalke 04,162,2018.2,156,4,D1
8599,Hoffenheim,151,2018.2,145,5,D1
8600,Leverkusen,149,2018.2,145,6,D1
8601,Wolfsburg,143,2018.2,142,7,D1
8602,Hertha,133,2018.2,129,8,D1
8603,Mainz,131,2018.2,127,9,D1
8604,Ein Frankfurt,129,2018.2,125,10,D1
8605,Werder Bremen,120,2018.2,116,11,D1
8606,Augsburg,116,2018.2,116,12,D1
8607,Hamburg,104,2018.2,101,13,D1
8608,Freiburg,96,2018.2,96,14,D1
8609,Hannover,87,2018.2,84,15,D1
8610,FC Koln,87,2018.2,83,15,D1
8611,Stuttgart,85,2018.2,83,16,D1
8612,RB Leipzig,66,2018.2,63,17,D1
8613,Ingolstadt,43,2018.2,41,18,D1
8614,Darmstadt,33,2018.2,30,19,D1
8615,Braunschweig,18,2018.2,18,20,D1
8616,Paderborn,18,2018.2,17,20,D1
8617,Nurnberg,14,2018.2,14,21,D1
8618,Fortuna Dusseldorf,0,2018.2,0,22,D1
8619,Union Berlin,0,2018.2,0,22,D1
8620,Bayern Munich,213,2018.1,206,1,D1
8621,Dortmund,175,2018.1,168,2,D1
8622,M'gladbach,162,2018.1,161,3,D1
8623,Schalke 04,156,2018.1,150,4,D1
8624,Leverkusen,145,2018.1,142,5,D1
8625,Hoffenheim,145,2018.1,138,5,D1
8626,Wolfsburg,142,2018.1,142,6,D1
8627,Hertha,129,2018.1,128,7,D1
8628,Mainz,127,2018.1,126,8,D1
8629,Ein Frankfurt,125,2018.1,116,9,D1
8630,Augsburg,116,2018.1,116,10,D1
8631,Werder Bremen,116,2018.1,107,10,D1
8632,Hamburg,101,2018.1,100,11,D1
8633,Freiburg,96,2018.1,93,12,D1
8634,Hannover,84,2018.1,81,13,D1
8635,Stuttgart,83,2018.1,76,14,D1
8636,FC Koln,83,2018.1,82,14,D1
8637,RB Leipzig,63,2018.1,59,15,D1
8638,Ingolstadt,43,2018.1,41,16,D1
8639,Darmstadt,33,2018.1,30,17,D1
8640,Braunschweig,18,2018.1,18,18,D1
8641,Paderborn,18,2018.1,17,18,D1
8642,Nurnberg,14,2018.1,14,19,D1
8643,Fortuna Dusseldorf,0,2018.1,0,20,D1
8644,Union Berlin,0,2018.1,0,20,D1
8645,Bayern Munich,206,2018.0,200,1,D1
8646,Dortmund,168,2018.0,166,2,D1
8647,M'gladbach,161,2018.0,158,3,D1
8648,Schalke 04,150,2018.0,149,4,D1
8649,Leverkusen,142,2018.0,139,5,D1
8650,Wolfsburg,142,2018.0,141,5,D1
8651,Hoffenheim,138,2018.0,138,6,D1
8652,Hertha,128,2018.0,126,7,D1
8653,Mainz,126,2018.0,123,8,D1
8654,Ein Frankfurt,116,2018.0,112,9,D1
8655,Augsburg,116,2018.0,110,9,D1
8656,Werder Bremen,107,2018.0,105,10,D1
8657,Hamburg,100,2018.0,99,11,D1
8658,Freiburg,93,2018.0,89,12,D1
8659,FC Koln,82,2018.0,78,13,D1
8660,Hannover,81,2018.0,78,14,D1
8661,Stuttgart,76,2018.0,73,15,D1
8662,RB Leipzig,59,2018.0,55,16,D1
8663,Ingolstadt,43,2018.0,41,17,D1
8664,Darmstadt,33,2018.0,30,18,D1
8665,Braunschweig,18,2018.0,18,19,D1
8666,Paderborn,18,2018.0,17,19,D1
8667,Nurnberg,14,2018.0,14,20,D1
8668,Union Berlin,0,2018.0,0,21,D1
8669,Fortuna Dusseldorf,0,2018.0,0,21,D1
8670,Bayern Munich,200,2017.9,194,1,D1
8671,Dortmund,166,2017.9,163,2,D1
8672,M'gladbach,158,2017.9,154,3,D1
8673,Schalke 04,149,2017.9,145,4,D1
8674,Wolfsburg,141,2017.9,137,5,D1
8675,Leverkusen,139,2017.9,135,6,D1
8676,Hoffenheim,138,2017.9,132,7,D1
8677,Hertha,126,2017.9,123,8,D1
8678,Mainz,123,2017.9,123,9,D1
8679,Ein Frankfurt,112,2017.9,111,10,D1
8680,Augsburg,110,2017.9,108,11,D1
8681,Werder Bremen,105,2017.9,101,12,D1
8682,Hamburg,99,2017.9,95,13,D1
8683,Freiburg,89,2017.9,85,14,D1
8684,FC Koln,78,2017.9,75,15,D1
8685,Hannover,78,2017.9,74,15,D1
8686,Stuttgart,73,2017.9,73,16,D1
8687,RB Leipzig,55,2017.9,54,17,D1
8688,Ingolstadt,43,2017.9,41,18,D1
8689,Darmstadt,33,2017.9,30,19,D1
8690,Braunschweig,18,2017.9,18,20,D1
8691,Paderborn,18,2017.9,17,20,D1
8692,Nurnberg,14,2017.9,14,21,D1
8693,Fortuna Dusseldorf,0,2017.9,0,22,D1
8694,Union Berlin,0,2017.9,0,22,D1
8695,Bayern Munich,194,2017.8,188,1,D1
8696,Dortmund,163,2017.8,162,2,D1
8697,M'gladbach,154,2017.8,150,3,D1
8698,Schalke 04,145,2017.8,138,4,D1
8699,Wolfsburg,137,2017.8,132,5,D1
8700,Leverkusen,135,2017.8,131,6,D1
8701,Hoffenheim,132,2017.8,131,7,D1
8702,Mainz,123,2017.8,119,8,D1
8703,Hertha,123,2017.8,120,8,D1
8704,Ein Frankfurt,111,2017.8,107,9,D1
8705,Augsburg,108,2017.8,104,10,D1
8706,Werder Bremen,101,2017.8,98,11,D1
8707,Hamburg,95,2017.8,92,12,D1
8708,Freiburg,85,2017.8,81,13,D1
8709,FC Koln,75,2017.8,74,14,D1
8710,Hannover,74,2017.8,70,15,D1
8711,Stuttgart,73,2017.8,67,16,D1
8712,RB Leipzig,54,2017.8,45,17,D1
8713,Ingolstadt,43,2017.8,41,18,D1
8714,Darmstadt,33,2017.8,30,19,D1
8715,Paderborn,18,2017.8,17,20,D1
8716,Braunschweig,18,2017.8,18,20,D1
8717,Nurnberg,14,2017.8,14,21,D1
8718,Union Berlin,0,2017.8,0,22,D1
8719,Fortuna Dusseldorf,0,2017.8,0,22,D1
8720,Bayern Munich,188,2017.7,181,1,D1
8721,Dortmund,162,2017.7,156,2,D1
8722,M'gladbach,150,2017.7,144,3,D1
8723,Schalke 04,138,2017.7,137,4,D1
8724,Wolfsburg,132,2017.7,130,5,D1
8725,Hoffenheim,131,2017.7,126,6,D1
8726,Leverkusen,131,2017.7,124,6,D1
8727,Hertha,120,2017.7,116,7,D1
8728,Mainz,119,2017.7,113,8,D1
8729,Ein Frankfurt,107,2017.7,104,9,D1
8730,Augsburg,104,2017.7,101,10,D1
8731,Werder Bremen,98,2017.7,97,11,D1
8732,Hamburg,92,2017.7,91,12,D1
8733,Freiburg,81,2017.7,77,13,D1
8734,FC Koln,74,2017.7,74,14,D1
8735,Hannover,70,2017.7,66,15,D1
8736,Stuttgart,67,2017.7,60,16,D1
8737,RB Leipzig,45,2017.7,41,17,D1
8738,Ingolstadt,43,2017.7,41,18,D1
8739,Darmstadt,33,2017.7,30,19,D1
8740,Paderborn,18,2017.7,17,20,D1
8741,Braunschweig,18,2017.7,18,20,D1
8742,Nurnberg,14,2017.7,14,21,D1
8743,Fortuna Dusseldorf,0,2017.7,0,22,D1
8744,Union Berlin,0,2017.7,0,22,D1
8745,Bayern Munich,181,2017.6,178,1,D1
8746,Dortmund,156,2017.6,153,2,D1
8747,M'gladbach,144,2017.6,141,3,D1
8748,Schalke 04,137,2017.6,131,4,D1
8749,Wolfsburg,130,2017.6,129,5,D1
8750,Hoffenheim,126,2017.6,120,6,D1
8751,Leverkusen,124,2017.6,123,7,D1
8752,Hertha,116,2017.6,112,8,D1
8753,Mainz,113,2017.6,110,9,D1
8754,Ein Frankfurt,104,2017.6,104,10,D1
8755,Augsburg,101,2017.6,97,11,D1
8756,Werder Bremen,97,2017.6,97,12,D1
8757,Hamburg,91,2017.6,88,13,D1
8758,Freiburg,77,2017.6,75,14,D1
8759,FC Koln,74,2017.6,74,15,D1
8760,Hannover,66,2017.6,63,16,D1
8761,Stuttgart,60,2017.6,57,17,D1
8762,Ingolstadt,43,2017.6,41,18,D1
8763,RB Leipzig,41,2017.6,38,19,D1
8764,Darmstadt,33,2017.6,30,20,D1
8765,Braunschweig,18,2017.6,18,21,D1
8766,Paderborn,18,2017.6,17,21,D1
8767,Nurnberg,14,2017.6,14,22,D1
8768,Fortuna Dusseldorf,0,2017.6,0,23,D1
8769,Union Berlin,0,2017.6,0,23,D1
8770,Bayern Munich,178,2017.5,171,1,D1
8771,Dortmund,153,2017.5,146,2,D1
8772,M'gladbach,141,2017.5,139,3,D1
8773,Schalke 04,131,2017.5,129,4,D1
8774,Wolfsburg,129,2017.5,128,5,D1
8775,Leverkusen,123,2017.5,122,6,D1
8776,Hoffenheim,120,2017.5,116,7,D1
8777,Hertha,112,2017.5,109,8,D1
8778,Mainz,110,2017.5,107,9,D1
8779,Ein Frankfurt,104,2017.5,100,10,D1
8780,Augsburg,97,2017.5,93,11,D1
8781,Werder Bremen,97,2017.5,94,11,D1
8782,Hamburg,88,2017.5,84,12,D1
8783,Freiburg,75,2017.5,68,13,D1
8784,FC Koln,74,2017.5,67,14,D1
8785,Hannover,63,2017.5,60,15,D1
8786,Stuttgart,57,2017.5,57,16,D1
8787,Ingolstadt,43,2017.5,41,17,D1
8788,RB Leipzig,38,2017.5,37,18,D1
8789,Darmstadt,33,2017.5,30,19,D1
8790,Paderborn,18,2017.5,17,20,D1
8791,Braunschweig,18,2017.5,18,20,D1
8792,Nurnberg,14,2017.5,14,21,D1
8793,Fortuna Dusseldorf,0,2017.5,0,22,D1
8794,Union Berlin,0,2017.5,0,22,D1
8795,Bayern Munich,178,2017.4,171,1,D1
8796,Dortmund,153,2017.4,146,2,D1
8797,M'gladbach,141,2017.4,139,3,D1
8798,Schalke 04,131,2017.4,129,4,D1
8799,Wolfsburg,129,2017.4,128,5,D1
8800,Leverkusen,123,2017.4,122,6,D1
8801,Hoffenheim,120,2017.4,116,7,D1
8802,Hertha,112,2017.4,109,8,D1
8803,Mainz,110,2017.4,107,9,D1
8804,Ein Frankfurt,104,2017.4,100,10,D1
8805,Werder Bremen,97,2017.4,94,11,D1
8806,Augsburg,97,2017.4,93,11,D1
8807,Hamburg,88,2017.4,84,12,D1
8808,Freiburg,75,2017.4,68,13,D1
8809,FC Koln,74,2017.4,67,14,D1
8810,Hannover,63,2017.4,60,15,D1
8811,Stuttgart,57,2017.4,57,16,D1
8812,Ingolstadt,43,2017.4,41,17,D1
8813,RB Leipzig,38,2017.4,37,18,D1
8814,Darmstadt,33,2017.4,30,19,D1
8815,Paderborn,18,2017.4,17,20,D1
8816,Braunschweig,18,2017.4,18,20,D1
8817,Nurnberg,14,2017.4,14,21,D1
8818,Fortuna Dusseldorf,0,2017.4,0,22,D1
8819,Union Berlin,0,2017.4,0,22,D1
8820,Bayern Munich,178,2017.3,171,1,D1
8821,Dortmund,153,2017.3,146,2,D1
8822,M'gladbach,141,2017.3,139,3,D1
8823,Schalke 04,131,2017.3,129,4,D1
8824,Wolfsburg,129,2017.3,128,5,D1
8825,Leverkusen,123,2017.3,122,6,D1
8826,Hoffenheim,120,2017.3,116,7,D1
8827,Hertha,112,2017.3,109,8,D1
8828,Mainz,110,2017.3,107,9,D1
8829,Ein Frankfurt,104,2017.3,100,10,D1
8830,Augsburg,97,2017.3,93,11,D1
8831,Werder Bremen,97,2017.3,94,11,D1
8832,Hamburg,88,2017.3,84,12,D1
8833,Freiburg,75,2017.3,68,13,D1
8834,FC Koln,74,2017.3,67,14,D1
8835,Hannover,63,2017.3,60,15,D1
8836,Stuttgart,57,2017.3,57,16,D1
8837,Ingolstadt,43,2017.3,41,17,D1
8838,RB Leipzig,38,2017.3,37,18,D1
8839,Darmstadt,33,2017.3,30,19,D1
8840,Paderborn,18,2017.3,17,20,D1
8841,Braunschweig,18,2017.3,18,20,D1
8842,Nurnberg,14,2017.3,14,21,D1
8843,Fortuna Dusseldorf,0,2017.3,0,22,D1
8844,Union Berlin,0,2017.3,0,22,D1
8845,Bayern Munich,171,2017.2,165,1,D1
8846,Dortmund,146,2017.2,137,2,D1
8847,M'gladbach,139,2017.2,136,3,D1
8848,Schalke 04,129,2017.2,125,4,D1
8849,Wolfsburg,128,2017.2,122,5,D1
8850,Leverkusen,122,2017.2,120,6,D1
8851,Hoffenheim,116,2017.2,107,7,D1
8852,Hertha,109,2017.2,106,8,D1
8853,Mainz,107,2017.2,104,9,D1
8854,Ein Frankfurt,100,2017.2,97,10,D1
8855,Werder Bremen,94,2017.2,85,11,D1
8856,Augsburg,93,2017.2,89,12,D1
8857,Hamburg,84,2017.2,78,13,D1
8858,Freiburg,68,2017.2,65,14,D1
8859,FC Koln,67,2017.2,61,15,D1
8860,Hannover,63,2017.2,60,16,D1
8861,Stuttgart,57,2017.2,57,17,D1
8862,Ingolstadt,41,2017.2,35,18,D1
8863,RB Leipzig,37,2017.2,28,19,D1
8864,Darmstadt,30,2017.2,27,20,D1
8865,Paderborn,18,2017.2,17,21,D1
8866,Braunschweig,18,2017.2,18,21,D1
8867,Nurnberg,14,2017.2,14,22,D1
8868,Fortuna Dusseldorf,0,2017.2,0,23,D1
8869,Union Berlin,0,2017.2,0,23,D1
8870,Bayern Munich,165,2017.1,159,1,D1
8871,Dortmund,137,2017.1,131,2,D1
8872,M'gladbach,136,2017.1,133,3,D1
8873,Schalke 04,125,2017.1,118,4,D1
8874,Wolfsburg,122,2017.1,119,5,D1
8875,Leverkusen,120,2017.1,116,6,D1
8876,Hoffenheim,107,2017.1,101,7,D1
8877,Hertha,106,2017.1,99,8,D1
8878,Mainz,104,2017.1,100,9,D1
8879,Ein Frankfurt,97,2017.1,97,10,D1
8880,Augsburg,89,2017.1,88,11,D1
8881,Werder Bremen,85,2017.1,82,12,D1
8882,Hamburg,78,2017.1,71,13,D1
8883,Freiburg,65,2017.1,61,14,D1
8884,Hannover,63,2017.1,60,15,D1
8885,FC Koln,61,2017.1,60,16,D1
8886,Stuttgart,57,2017.1,57,17,D1
8887,Ingolstadt,35,2017.1,34,18,D1
8888,RB Leipzig,28,2017.1,25,19,D1
8889,Darmstadt,27,2017.1,21,20,D1
8890,Braunschweig,18,2017.1,18,21,D1
8891,Paderborn,18,2017.1,17,21,D1
8892,Nurnberg,14,2017.1,14,22,D1
8893,Union Berlin,0,2017.1,0,23,D1
8894,Fortuna Dusseldorf,0,2017.1,0,23,D1
8895,Bayern Munich,159,2017.0,158,1,D1
8896,M'gladbach,133,2017.0,130,2,D1
8897,Dortmund,131,2017.0,128,3,D1
8898,Wolfsburg,119,2017.0,116,4,D1
8899,Schalke 04,118,2017.0,115,5,D1
8900,Leverkusen,116,2017.0,113,6,D1
8901,Hoffenheim,101,2017.0,98,7,D1
8902,Mainz,100,2017.0,98,8,D1
8903,Hertha,99,2017.0,96,9,D1
8904,Ein Frankfurt,97,2017.0,94,10,D1
8905,Augsburg,88,2017.0,85,11,D1
8906,Werder Bremen,82,2017.0,82,12,D1
8907,Hamburg,71,2017.0,68,13,D1
8908,Hannover,63,2017.0,60,14,D1
8909,Freiburg,61,2017.0,58,15,D1
8910,FC Koln,60,2017.0,57,16,D1
8911,Stuttgart,57,2017.0,57,17,D1
8912,Ingolstadt,34,2017.0,31,18,D1
8913,RB Leipzig,25,2017.0,19,19,D1
8914,Darmstadt,21,2017.0,20,20,D1
8915,Paderborn,18,2017.0,17,21,D1
8916,Braunschweig,18,2017.0,18,21,D1
8917,Nurnberg,14,2017.0,14,22,D1
8918,Union Berlin,0,2017.0,0,23,D1
8919,Fortuna Dusseldorf,0,2017.0,0,23,D1
8920,Bayern Munich,158,2016.9,149,1,D1
8921,M'gladbach,130,2016.9,126,2,D1
8922,Dortmund,128,2016.9,124,3,D1
8923,Wolfsburg,116,2016.9,113,4,D1
8924,Schalke 04,115,2016.9,111,5,D1
8925,Leverkusen,113,2016.9,112,6,D1
8926,Hoffenheim,98,2016.9,93,7,D1
8927,Mainz,98,2016.9,95,7,D1
8928,Hertha,96,2016.9,90,8,D1
8929,Ein Frankfurt,94,2016.9,87,9,D1
8930,Augsburg,85,2016.9,81,10,D1
8931,Werder Bremen,82,2016.9,78,11,D1
8932,Hamburg,68,2016.9,61,12,D1
8933,Hannover,63,2016.9,60,13,D1
8934,Freiburg,58,2016.9,55,14,D1
8935,FC Koln,57,2016.9,54,15,D1
8936,Stuttgart,57,2016.9,57,15,D1
8937,Ingolstadt,31,2016.9,27,16,D1
8938,Darmstadt,20,2016.9,20,17,D1
8939,RB Leipzig,19,2016.9,13,18,D1
8940,Braunschweig,18,2016.9,18,19,D1
8941,Paderborn,18,2016.9,17,19,D1
8942,Nurnberg,14,2016.9,14,20,D1
8943,Fortuna Dusseldorf,0,2016.9,0,21,D1
8944,Union Berlin,0,2016.9,0,21,D1
8945,Bayern Munich,149,2016.8,145,1,D1
8946,M'gladbach,126,2016.8,125,2,D1
8947,Dortmund,124,2016.8,120,3,D1
8948,Wolfsburg,113,2016.8,113,4,D1
8949,Leverkusen,112,2016.8,109,5,D1
8950,Schalke 04,111,2016.8,105,6,D1
8951,Mainz,95,2016.8,89,7,D1
8952,Hoffenheim,93,2016.8,89,8,D1
8953,Hertha,90,2016.8,84,9,D1
8954,Ein Frankfurt,87,2016.8,84,10,D1
8955,Augsburg,81,2016.8,80,11,D1
8956,Werder Bremen,78,2016.8,78,12,D1
8957,Hannover,63,2016.8,60,13,D1
8958,Hamburg,61,2016.8,61,14,D1
8959,Stuttgart,57,2016.8,57,15,D1
8960,Freiburg,55,2016.8,52,16,D1
8961,FC Koln,54,2016.8,51,17,D1
8962,Ingolstadt,27,2016.8,26,18,D1
8963,Darmstadt,20,2016.8,17,19,D1
8964,Paderborn,18,2016.8,17,20,D1
8965,Braunschweig,18,2016.8,18,20,D1
8966,Nurnberg,14,2016.8,14,21,D1
8967,RB Leipzig,13,2016.8,7,22,D1
8968,Union Berlin,0,2016.8,0,23,D1
8969,Fortuna Dusseldorf,0,2016.8,0,23,D1
8970,Bayern Munich,145,2016.7,138,1,D1
8971,M'gladbach,125,2016.7,118,2,D1
8972,Dortmund,120,2016.7,113,3,D1
8973,Wolfsburg,113,2016.7,112,4,D1
8974,Leverkusen,109,2016.7,105,5,D1
8975,Schalke 04,105,2016.7,102,6,D1
8976,Mainz,89,2016.7,86,7,D1
8977,Hoffenheim,89,2016.7,82,7,D1
8978,Ein Frankfurt,84,2016.7,79,8,D1
8979,Hertha,84,2016.7,78,8,D1
8980,Augsburg,80,2016.7,76,9,D1
8981,Werder Bremen,78,2016.7,72,10,D1
8982,Hannover,63,2016.7,60,11,D1
8983,Hamburg,61,2016.7,61,12,D1
8984,Stuttgart,57,2016.7,57,13,D1
8985,Freiburg,52,2016.7,46,14,D1
8986,FC Koln,51,2016.7,44,15,D1
8987,Ingolstadt,26,2016.7,26,16,D1
8988,Braunschweig,18,2016.7,18,17,D1
8989,Paderborn,18,2016.7,17,17,D1
8990,Darmstadt,17,2016.7,15,18,D1
8991,Nurnberg,14,2016.7,14,19,D1
8992,RB Leipzig,7,2016.7,3,20,D1
8993,Union Berlin,0,2016.7,0,21,D1
8994,Fortuna Dusseldorf,0,2016.7,0,21,D1
8995,Bayern Munich,138,2016.6,135,1,D1
8996,M'gladbach,118,2016.6,115,2,D1
8997,Dortmund,113,2016.6,110,3,D1
8998,Wolfsburg,112,2016.6,111,4,D1
8999,Leverkusen,105,2016.6,102,5,D1
9000,Schalke 04,102,2016.6,102,6,D1
9001,Mainz,86,2016.6,85,7,D1
9002,Hoffenheim,82,2016.6,81,8,D1
9003,Ein Frankfurt,79,2016.6,76,9,D1
9004,Hertha,78,2016.6,75,10,D1
9005,Augsburg,76,2016.6,76,11,D1
9006,Werder Bremen,72,2016.6,72,12,D1
9007,Hannover,63,2016.6,60,13,D1
9008,Hamburg,61,2016.6,60,14,D1
9009,Stuttgart,57,2016.6,57,15,D1
9010,Freiburg,46,2016.6,43,16,D1
9011,FC Koln,44,2016.6,41,17,D1
9012,Ingolstadt,26,2016.6,26,18,D1
9013,Paderborn,18,2016.6,17,19,D1
9014,Braunschweig,18,2016.6,18,19,D1
9015,Darmstadt,15,2016.6,12,20,D1
9016,Nurnberg,14,2016.6,14,21,D1
9017,RB Leipzig,3,2016.6,0,22,D1
9018,Union Berlin,0,2016.6,0,23,D1
9019,Fortuna Dusseldorf,0,2016.6,0,23,D1
9020,Bayern Munich,135,2016.5,131,1,D1
9021,M'gladbach,115,2016.5,109,2,D1
9022,Wolfsburg,111,2016.5,108,3,D1
9023,Dortmund,110,2016.5,106,4,D1
9024,Leverkusen,102,2016.5,96,5,D1
9025,Schalke 04,102,2016.5,101,5,D1
9026,Mainz,85,2016.5,83,6,D1
9027,Hoffenheim,81,2016.5,78,7,D1
9028,Ein Frankfurt,76,2016.5,70,8,D1
9029,Augsburg,76,2016.5,75,8,D1
9030,Hertha,75,2016.5,75,9,D1
9031,Werder Bremen,72,2016.5,66,10,D1
9032,Hannover,63,2016.5,60,11,D1
9033,Hamburg,60,2016.5,57,12,D1
9034,Stuttgart,57,2016.5,57,13,D1
9035,Freiburg,43,2016.5,40,14,D1
9036,FC Koln,41,2016.5,37,15,D1
9037,Ingolstadt,26,2016.5,25,16,D1
9038,Paderborn,18,2016.5,17,17,D1
9039,Braunschweig,18,2016.5,18,17,D1
9040,Nurnberg,14,2016.5,14,18,D1
9041,Darmstadt,12,2016.5,12,19,D1
9042,Fortuna Dusseldorf,0,2016.5,0,20,D1
9043,Union Berlin,0,2016.5,0,20,D1
9044,RB Leipzig,0,2016.5,0,20,D1
9045,Bayern Munich,135,2016.4,131,1,D1
9046,M'gladbach,115,2016.4,109,2,D1
9047,Wolfsburg,111,2016.4,108,3,D1
9048,Dortmund,110,2016.4,106,4,D1
9049,Schalke 04,102,2016.4,101,5,D1
9050,Leverkusen,102,2016.4,96,5,D1
9051,Mainz,85,2016.4,83,6,D1
9052,Hoffenheim,81,2016.4,78,7,D1
9053,Augsburg,76,2016.4,75,8,D1
9054,Ein Frankfurt,76,2016.4,70,8,D1
9055,Hertha,75,2016.4,75,9,D1
9056,Werder Bremen,72,2016.4,66,10,D1
9057,Hannover,63,2016.4,60,11,D1
9058,Hamburg,60,2016.4,57,12,D1
9059,Stuttgart,57,2016.4,57,13,D1
9060,Freiburg,43,2016.4,40,14,D1
9061,FC Koln,41,2016.4,37,15,D1
9062,Ingolstadt,26,2016.4,25,16,D1
9063,Braunschweig,18,2016.4,18,17,D1
9064,Paderborn,18,2016.4,17,17,D1
9065,Nurnberg,14,2016.4,14,18,D1
9066,Darmstadt,12,2016.4,12,19,D1
9067,Fortuna Dusseldorf,0,2016.4,0,20,D1
9068,RB Leipzig,0,2016.4,0,20,D1
9069,Union Berlin,0,2016.4,0,20,D1
9070,Bayern Munich,135,2016.3,131,1,D1
9071,M'gladbach,115,2016.3,109,2,D1
9072,Wolfsburg,111,2016.3,108,3,D1
9073,Dortmund,110,2016.3,106,4,D1
9074,Leverkusen,102,2016.3,96,5,D1
9075,Schalke 04,102,2016.3,101,5,D1
9076,Mainz,85,2016.3,83,6,D1
9077,Hoffenheim,81,2016.3,78,7,D1
9078,Ein Frankfurt,76,2016.3,70,8,D1
9079,Augsburg,76,2016.3,75,8,D1
9080,Hertha,75,2016.3,75,9,D1
9081,Werder Bremen,72,2016.3,66,10,D1
9082,Hannover,63,2016.3,60,11,D1
9083,Hamburg,60,2016.3,57,12,D1
9084,Stuttgart,57,2016.3,57,13,D1
9085,Freiburg,43,2016.3,40,14,D1
9086,FC Koln,41,2016.3,37,15,D1
9087,Ingolstadt,26,2016.3,25,16,D1
9088,Braunschweig,18,2016.3,18,17,D1
9089,Paderborn,18,2016.3,17,17,D1
9090,Nurnberg,14,2016.3,14,18,D1
9091,Darmstadt,12,2016.3,12,19,D1
9092,Fortuna Dusseldorf,0,2016.3,0,20,D1
9093,RB Leipzig,0,2016.3,0,20,D1
9094,Union Berlin,0,2016.3,0,20,D1
9095,Bayern Munich,131,2016.2,125,1,D1
9096,M'gladbach,109,2016.2,106,2,D1
9097,Wolfsburg,108,2016.2,106,3,D1
9098,Dortmund,106,2016.2,100,4,D1
9099,Schalke 04,101,2016.2,97,5,D1
9100,Leverkusen,96,2016.2,90,6,D1
9101,Mainz,83,2016.2,80,7,D1
9102,Hoffenheim,78,2016.2,74,8,D1
9103,Augsburg,75,2016.2,72,9,D1
9104,Hertha,75,2016.2,71,9,D1
9105,Ein Frankfurt,70,2016.2,67,10,D1
9106,Werder Bremen,66,2016.2,62,11,D1
9107,Hannover,60,2016.2,57,12,D1
9108,Hamburg,57,2016.2,57,13,D1
9109,Stuttgart,57,2016.2,57,13,D1
9110,Freiburg,43,2016.2,40,14,D1
9111,FC Koln,37,2016.2,37,15,D1
9112,Ingolstadt,25,2016.2,19,16,D1
9113,Paderborn,18,2016.2,17,17,D1
9114,Braunschweig,18,2016.2,18,17,D1
9115,Nurnberg,14,2016.2,14,18,D1
9116,Darmstadt,12,2016.2,8,19,D1
9117,Fortuna Dusseldorf,0,2016.2,0,20,D1
9118,Union Berlin,0,2016.2,0,20,D1
9119,RB Leipzig,0,2016.2,0,20,D1
9120,Bayern Munich,125,2016.1,119,1,D1
9121,Wolfsburg,106,2016.1,100,2,D1
9122,M'gladbach,106,2016.1,97,2,D1
9123,Dortmund,100,2016.1,90,3,D1
9124,Schalke 04,97,2016.1,93,4,D1
9125,Leverkusen,90,2016.1,87,5,D1
9126,Mainz,80,2016.1,73,6,D1
9127,Hoffenheim,74,2016.1,65,7,D1
9128,Augsburg,72,2016.1,70,8,D1
9129,Hertha,71,2016.1,64,9,D1
9130,Ein Frankfurt,67,2016.1,64,10,D1
9131,Werder Bremen,62,2016.1,57,11,D1
9132,Hamburg,57,2016.1,49,12,D1
9133,Stuttgart,57,2016.1,51,12,D1
9134,Hannover,57,2016.1,57,12,D1
9135,Freiburg,43,2016.1,40,13,D1
9136,FC Koln,37,2016.1,34,14,D1
9137,Ingolstadt,19,2016.1,14,15,D1
9138,Paderborn,18,2016.1,17,16,D1
9139,Braunschweig,18,2016.1,18,16,D1
9140,Nurnberg,14,2016.1,14,17,D1
9141,Darmstadt,8,2016.1,7,18,D1
9142,Fortuna Dusseldorf,0,2016.1,0,19,D1
9143,RB Leipzig,0,2016.1,0,19,D1
9144,Union Berlin,0,2016.1,0,19,D1
9145,Bayern Munich,119,2016.0,116,1,D1
9146,Wolfsburg,100,2016.0,99,2,D1
9147,M'gladbach,97,2016.0,94,3,D1
9148,Schalke 04,93,2016.0,90,4,D1
9149,Dortmund,90,2016.0,87,5,D1
9150,Leverkusen,87,2016.0,83,6,D1
9151,Mainz,73,2016.0,70,7,D1
9152,Augsburg,70,2016.0,69,8,D1
9153,Hoffenheim,65,2016.0,64,9,D1
9154,Hertha,64,2016.0,62,10,D1
9155,Ein Frankfurt,64,2016.0,61,10,D1
9156,Werder Bremen,57,2016.0,56,11,D1
9157,Hannover,57,2016.0,57,11,D1
9158,Stuttgart,51,2016.0,48,12,D1
9159,Hamburg,49,2016.0,49,13,D1
9160,Freiburg,43,2016.0,40,14,D1
9161,FC Koln,34,2016.0,34,15,D1
9162,Paderborn,18,2016.0,17,16,D1
9163,Braunschweig,18,2016.0,18,16,D1
9164,Nurnberg,14,2016.0,14,17,D1
9165,Ingolstadt,14,2016.0,8,17,D1
9166,Darmstadt,7,2016.0,7,18,D1
9167,Fortuna Dusseldorf,0,2016.0,0,19,D1
9168,Union Berlin,0,2016.0,0,19,D1
9169,RB Leipzig,0,2016.0,0,19,D1
9170,Bayern Munich,116,2015.9,110,1,D1
9171,Wolfsburg,99,2015.9,98,2,D1
9172,M'gladbach,94,2015.9,88,3,D1
9173,Schalke 04,90,2015.9,84,4,D1
9174,Dortmund,87,2015.9,81,5,D1
9175,Leverkusen,83,2015.9,79,6,D1
9176,Mainz,70,2015.9,66,7,D1
9177,Augsburg,69,2015.9,65,8,D1
9178,Hoffenheim,64,2015.9,60,9,D1
9179,Hertha,62,2015.9,56,10,D1
9180,Ein Frankfurt,61,2015.9,58,11,D1
9181,Hannover,57,2015.9,54,12,D1
9182,Werder Bremen,56,2015.9,55,13,D1
9183,Hamburg,49,2015.9,49,14,D1
9184,Stuttgart,48,2015.9,44,15,D1
9185,Freiburg,43,2015.9,40,16,D1
9186,FC Koln,34,2015.9,31,17,D1
9187,Paderborn,18,2015.9,17,18,D1
9188,Braunschweig,18,2015.9,18,18,D1
9189,Nurnberg,14,2015.9,14,19,D1
9190,Ingolstadt,8,2015.9,7,20,D1
9191,Darmstadt,7,2015.9,6,21,D1
9192,RB Leipzig,0,2015.9,0,22,D1
9193,Fortuna Dusseldorf,0,2015.9,0,22,D1
9194,Union Berlin,0,2015.9,0,22,D1
9195,Bayern Munich,110,2015.8,104,1,D1
9196,Wolfsburg,98,2015.8,92,2,D1
9197,M'gladbach,88,2015.8,81,3,D1
9198,Schalke 04,84,2015.8,83,4,D1
9199,Dortmund,81,2015.8,75,5,D1
9200,Leverkusen,79,2015.8,76,6,D1
9201,Mainz,66,2015.8,63,7,D1
9202,Augsburg,65,2015.8,64,8,D1
9203,Hoffenheim,60,2015.8,59,9,D1
9204,Ein Frankfurt,58,2015.8,57,10,D1
9205,Hertha,56,2015.8,53,11,D1
9206,Werder Bremen,55,2015.8,55,12,D1
9207,Hannover,54,2015.8,54,13,D1
9208,Hamburg,49,2015.8,46,14,D1
9209,Stuttgart,44,2015.8,41,15,D1
9210,Freiburg,43,2015.8,40,16,D1
9211,FC Koln,31,2015.8,29,17,D1
9212,Paderborn,18,2015.8,17,18,D1
9213,Braunschweig,18,2015.8,18,18,D1
9214,Nurnberg,14,2015.8,14,19,D1
9215,Ingolstadt,7,2015.8,4,20,D1
9216,Darmstadt,6,2015.8,5,21,D1
9217,RB Leipzig,0,2015.8,0,22,D1
9218,Union Berlin,0,2015.8,0,22,D1
9219,Fortuna Dusseldorf,0,2015.8,0,22,D1
9220,Bayern Munich,104,2015.7,98,1,D1
9221,Wolfsburg,92,2015.7,85,2,D1
9222,Schalke 04,83,2015.7,77,3,D1
9223,M'gladbach,81,2015.7,75,4,D1
9224,Leverkusen,76,2015.7,72,5,D1
9225,Dortmund,75,2015.7,71,6,D1
9226,Augsburg,64,2015.7,61,7,D1
9227,Mainz,63,2015.7,60,8,D1
9228,Hoffenheim,59,2015.7,57,9,D1
9229,Ein Frankfurt,57,2015.7,56,10,D1
9230,Werder Bremen,55,2015.7,55,11,D1
9231,Hannover,54,2015.7,51,12,D1
9232,Hertha,53,2015.7,47,13,D1
9233,Hamburg,46,2015.7,44,14,D1
9234,Freiburg,43,2015.7,40,15,D1
9235,Stuttgart,41,2015.7,38,16,D1
9236,FC Koln,29,2015.7,25,17,D1
9237,Braunschweig,18,2015.7,18,18,D1
9238,Paderborn,18,2015.7,17,18,D1
9239,Nurnberg,14,2015.7,14,19,D1
9240,Darmstadt,5,2015.7,2,20,D1
9241,Ingolstadt,4,2015.7,1,21,D1
9242,Union Berlin,0,2015.7,0,22,D1
9243,Fortuna Dusseldorf,0,2015.7,0,22,D1
9244,RB Leipzig,0,2015.7,0,22,D1
9245,Bayern Munich,98,2015.6,89,1,D1
9246,Wolfsburg,85,2015.6,79,2,D1
9247,Schalke 04,77,2015.6,73,3,D1
9248,M'gladbach,75,2015.6,75,4,D1
9249,Leverkusen,72,2015.6,69,5,D1
9250,Dortmund,71,2015.6,65,6,D1
9251,Augsburg,61,2015.6,61,7,D1
9252,Mainz,60,2015.6,57,8,D1
9253,Hoffenheim,57,2015.6,57,9,D1
9254,Ein Frankfurt,56,2015.6,52,10,D1
9255,Werder Bremen,55,2015.6,52,11,D1
9256,Hannover,51,2015.6,51,12,D1
9257,Hertha,47,2015.6,43,13,D1
9258,Hamburg,44,2015.6,41,14,D1
9259,Freiburg,43,2015.6,40,15,D1
9260,Stuttgart,38,2015.6,38,16,D1
9261,FC Koln,25,2015.6,21,17,D1
9262,Braunschweig,18,2015.6,18,18,D1
9263,Paderborn,18,2015.6,17,18,D1
9264,Nurnberg,14,2015.6,14,19,D1
9265,Darmstadt,2,2015.6,0,20,D1
9266,Ingolstadt,1,2015.6,0,21,D1
9267,Union Berlin,0,2015.6,0,22,D1
9268,Fortuna Dusseldorf,0,2015.6,0,22,D1
9269,RB Leipzig,0,2015.6,0,22,D1
9270,Bayern Munich,89,2015.5,83,1,D1
9271,Wolfsburg,79,2015.5,75,2,D1
9272,M'gladbach,75,2015.5,69,3,D1
9273,Schalke 04,73,2015.5,67,4,D1
9274,Leverkusen,69,2015.5,63,5,D1
9275,Dortmund,65,2015.5,56,6,D1
9276,Augsburg,61,2015.5,60,7,D1
9277,Mainz,57,2015.5,51,8,D1
9278,Hoffenheim,57,2015.5,53,8,D1
9279,Werder Bremen,52,2015.5,49,9,D1
9280,Ein Frankfurt,52,2015.5,46,9,D1
9281,Hannover,51,2015.5,47,10,D1
9282,Hertha,43,2015.5,42,11,D1
9283,Freiburg,43,2015.5,40,11,D1
9284,Hamburg,41,2015.5,34,12,D1
9285,Stuttgart,38,2015.5,31,13,D1
9286,FC Koln,21,2015.5,16,14,D1
9287,Braunschweig,18,2015.5,18,15,D1
9288,Paderborn,18,2015.5,17,15,D1
9289,Nurnberg,14,2015.5,14,16,D1
9290,RB Leipzig,0,2015.5,0,17,D1
9291,Darmstadt,0,2015.5,0,17,D1
9292,Union Berlin,0,2015.5,0,17,D1
9293,Fortuna Dusseldorf,0,2015.5,0,17,D1
9294,Ingolstadt,0,2015.5,0,17,D1
9295,Bayern Munich,89,2015.4,83,1,D1
9296,Wolfsburg,79,2015.4,75,2,D1
9297,M'gladbach,75,2015.4,69,3,D1
9298,Schalke 04,73,2015.4,67,4,D1
9299,Leverkusen,69,2015.4,63,5,D1
9300,Dortmund,65,2015.4,56,6,D1
9301,Augsburg,61,2015.4,60,7,D1
9302,Hoffenheim,57,2015.4,53,8,D1
9303,Mainz,57,2015.4,51,8,D1
9304,Werder Bremen,52,2015.4,49,9,D1
9305,Ein Frankfurt,52,2015.4,46,9,D1
9306,Hannover,51,2015.4,47,10,D1
9307,Hertha,43,2015.4,42,11,D1
9308,Freiburg,43,2015.4,40,11,D1
9309,Hamburg,41,2015.4,34,12,D1
9310,Stuttgart,38,2015.4,31,13,D1
9311,FC Koln,21,2015.4,16,14,D1
9312,Braunschweig,18,2015.4,18,15,D1
9313,Paderborn,18,2015.4,17,15,D1
9314,Nurnberg,14,2015.4,14,16,D1
9315,Ingolstadt,0,2015.4,0,17,D1
9316,RB Leipzig,0,2015.4,0,17,D1
9317,Fortuna Dusseldorf,0,2015.4,0,17,D1
9318,Union Berlin,0,2015.4,0,17,D1
9319,Darmstadt,0,2015.4,0,17,D1
9320,Bayern Munich,89,2015.3,83,1,D1
9321,Wolfsburg,79,2015.3,75,2,D1
9322,M'gladbach,75,2015.3,69,3,D1
9323,Schalke 04,73,2015.3,67,4,D1
9324,Leverkusen,69,2015.3,63,5,D1
9325,Dortmund,65,2015.3,56,6,D1
9326,Augsburg,61,2015.3,60,7,D1
9327,Mainz,57,2015.3,51,8,D1
9328,Hoffenheim,57,2015.3,53,8,D1
9329,Werder Bremen,52,2015.3,49,9,D1
9330,Ein Frankfurt,52,2015.3,46,9,D1
9331,Hannover,51,2015.3,47,10,D1
9332,Hertha,43,2015.3,42,11,D1
9333,Freiburg,43,2015.3,40,11,D1
9334,Hamburg,41,2015.3,34,12,D1
9335,Stuttgart,38,2015.3,31,13,D1
9336,FC Koln,21,2015.3,16,14,D1
9337,Paderborn,18,2015.3,17,15,D1
9338,Braunschweig,18,2015.3,18,15,D1
9339,Nurnberg,14,2015.3,14,16,D1
9340,Darmstadt,0,2015.3,0,17,D1
9341,RB Leipzig,0,2015.3,0,17,D1
9342,Union Berlin,0,2015.3,0,17,D1
9343,Ingolstadt,0,2015.3,0,17,D1
9344,Fortuna Dusseldorf,0,2015.3,0,17,D1
9345,Bayern Munich,83,2015.2,80,1,D1
9346,Wolfsburg,75,2015.2,68,2,D1
9347,M'gladbach,69,2015.2,63,3,D1
9348,Schalke 04,67,2015.2,66,4,D1
9349,Leverkusen,63,2015.2,57,5,D1
9350,Augsburg,60,2015.2,56,6,D1
9351,Dortmund,56,2015.2,53,7,D1
9352,Hoffenheim,53,2015.2,53,8,D1
9353,Mainz,51,2015.2,50,9,D1
9354,Werder Bremen,49,2015.2,45,10,D1
9355,Hannover,47,2015.2,46,11,D1
9356,Ein Frankfurt,46,2015.2,44,12,D1
9357,Hertha,42,2015.2,38,13,D1
9358,Freiburg,40,2015.2,34,14,D1
9359,Hamburg,34,2015.2,34,15,D1
9360,Stuttgart,31,2015.2,25,16,D1
9361,Braunschweig,18,2015.2,18,17,D1
9362,Paderborn,17,2015.2,13,18,D1
9363,FC Koln,16,2015.2,12,19,D1
9364,Nurnberg,14,2015.2,14,20,D1
9365,Ingolstadt,0,2015.2,0,21,D1
9366,RB Leipzig,0,2015.2,0,21,D1
9367,Darmstadt,0,2015.2,0,21,D1
9368,Union Berlin,0,2015.2,0,21,D1
9369,Fortuna Dusseldorf,0,2015.2,0,21,D1
9370,Bayern Munich,80,2015.1,74,1,D1
9371,Wolfsburg,68,2015.1,62,2,D1
9372,Schalke 04,66,2015.1,62,3,D1
9373,M'gladbach,63,2015.1,57,4,D1
9374,Leverkusen,57,2015.1,51,5,D1
9375,Augsburg,56,2015.1,51,6,D1
9376,Dortmund,53,2015.1,46,7,D1
9377,Hoffenheim,53,2015.1,44,7,D1
9378,Mainz,50,2015.1,46,8,D1
9379,Hannover,46,2015.1,45,9,D1
9380,Werder Bremen,45,2015.1,39,10,D1
9381,Ein Frankfurt,44,2015.1,35,11,D1
9382,Hertha,38,2015.1,34,12,D1
9383,Hamburg,34,2015.1,29,13,D1
9384,Freiburg,34,2015.1,33,13,D1
9385,Stuttgart,25,2015.1,24,14,D1
9386,Braunschweig,18,2015.1,18,15,D1
9387,Nurnberg,14,2015.1,14,16,D1
9388,Paderborn,13,2015.1,13,17,D1
9389,FC Koln,12,2015.1,7,18,D1
9390,RB Leipzig,0,2015.1,0,19,D1
9391,Union Berlin,0,2015.1,0,19,D1
9392,Ingolstadt,0,2015.1,0,19,D1
9393,Darmstadt,0,2015.1,0,19,D1
9394,Fortuna Dusseldorf,0,2015.1,0,19,D1
9395,Bayern Munich,74,2015.0,73,1,D1
9396,Schalke 04,62,2015.0,56,2,D1
9397,Wolfsburg,62,2015.0,59,2,D1
9398,M'gladbach,57,2015.0,54,3,D1
9399,Leverkusen,51,2015.0,50,4,D1
9400,Augsburg,51,2015.0,48,4,D1
9401,Dortmund,46,2015.0,46,5,D1
9402,Mainz,46,2015.0,43,5,D1
9403,Hannover,45,2015.0,44,6,D1
9404,Hoffenheim,44,2015.0,44,7,D1
9405,Werder Bremen,39,2015.0,36,8,D1
9406,Ein Frankfurt,35,2015.0,34,9,D1
9407,Hertha,34,2015.0,34,10,D1
9408,Freiburg,33,2015.0,30,11,D1
9409,Hamburg,29,2015.0,29,12,D1
9410,Stuttgart,24,2015.0,24,13,D1
9411,Braunschweig,18,2015.0,18,14,D1
9412,Nurnberg,14,2015.0,14,15,D1
9413,Paderborn,13,2015.0,13,16,D1
9414,FC Koln,7,2015.0,6,17,D1
9415,Fortuna Dusseldorf,0,2015.0,0,18,D1
9416,Union Berlin,0,2015.0,0,18,D1
9417,Ingolstadt,0,2015.0,0,18,D1
9418,Darmstadt,0,2015.0,0,18,D1
9419,RB Leipzig,0,2015.0,0,18,D1
9420,Bayern Munich,73,2014.9,67,1,D1
9421,Wolfsburg,59,2014.9,52,2,D1
9422,Schalke 04,56,2014.9,52,3,D1
9423,M'gladbach,54,2014.9,48,4,D1
9424,Leverkusen,50,2014.9,45,5,D1
9425,Augsburg,48,2014.9,42,6,D1
9426,Dortmund,46,2014.9,42,7,D1
9427,Hoffenheim,44,2014.9,38,8,D1
9428,Hannover,44,2014.9,41,8,D1
9429,Mainz,43,2014.9,42,9,D1
9430,Werder Bremen,36,2014.9,29,10,D1
9431,Ein Frankfurt,34,2014.9,27,11,D1
9432,Hertha,34,2014.9,31,11,D1
9433,Freiburg,30,2014.9,28,12,D1
9434,Hamburg,29,2014.9,26,13,D1
9435,Stuttgart,24,2014.9,23,14,D1
9436,Braunschweig,18,2014.9,18,15,D1
9437,Nurnberg,14,2014.9,14,16,D1
9438,Paderborn,13,2014.9,12,17,D1
9439,FC Koln,6,2014.9,5,18,D1
9440,RB Leipzig,0,2014.9,0,19,D1
9441,Fortuna Dusseldorf,0,2014.9,0,19,D1
9442,Ingolstadt,0,2014.9,0,19,D1
9443,Darmstadt,0,2014.9,0,19,D1
9444,Union Berlin,0,2014.9,0,19,D1
9445,Bayern Munich,67,2014.8,61,1,D1
9446,Schalke 04,52,2014.8,46,2,D1
9447,Wolfsburg,52,2014.8,46,2,D1
9448,M'gladbach,48,2014.8,44,3,D1
9449,Leverkusen,45,2014.8,41,4,D1
9450,Dortmund,42,2014.8,39,5,D1
9451,Augsburg,42,2014.8,36,5,D1
9452,Mainz,42,2014.8,41,5,D1
9453,Hannover,41,2014.8,38,6,D1
9454,Hoffenheim,38,2014.8,35,7,D1
9455,Hertha,31,2014.8,28,8,D1
9456,Werder Bremen,29,2014.8,26,9,D1
9457,Freiburg,28,2014.8,25,10,D1
9458,Ein Frankfurt,27,2014.8,27,11,D1
9459,Hamburg,26,2014.8,20,12,D1
9460,Stuttgart,23,2014.8,23,13,D1
9461,Braunschweig,18,2014.8,18,14,D1
9462,Nurnberg,14,2014.8,14,15,D1
9463,Paderborn,12,2014.8,8,16,D1
9464,FC Koln,5,2014.8,5,17,D1
9465,Darmstadt,0,2014.8,0,18,D1
9466,Union Berlin,0,2014.8,0,18,D1
9467,RB Leipzig,0,2014.8,0,18,D1
9468,Fortuna Dusseldorf,0,2014.8,0,18,D1
9469,Ingolstadt,0,2014.8,0,18,D1
9470,Bayern Munich,61,2014.7,52,1,D1
9471,Schalke 04,46,2014.7,39,2,D1
9472,Wolfsburg,46,2014.7,37,2,D1
9473,M'gladbach,44,2014.7,40,3,D1
9474,Leverkusen,41,2014.7,37,4,D1
9475,Mainz,41,2014.7,34,4,D1
9476,Dortmund,39,2014.7,38,5,D1
9477,Hannover,38,2014.7,32,6,D1
9478,Augsburg,36,2014.7,30,7,D1
9479,Hoffenheim,35,2014.7,31,8,D1
9480,Hertha,28,2014.7,22,9,D1
9481,Ein Frankfurt,27,2014.7,23,10,D1
9482,Werder Bremen,26,2014.7,25,11,D1
9483,Freiburg,25,2014.7,23,12,D1
9484,Stuttgart,23,2014.7,19,13,D1
9485,Hamburg,20,2014.7,18,14,D1
9486,Braunschweig,18,2014.7,18,15,D1
9487,Nurnberg,14,2014.7,14,16,D1
9488,Paderborn,8,2014.7,2,17,D1
9489,FC Koln,5,2014.7,1,18,D1
9490,Darmstadt,0,2014.7,0,19,D1
9491,RB Leipzig,0,2014.7,0,19,D1
9492,Fortuna Dusseldorf,0,2014.7,0,19,D1
9493,Ingolstadt,0,2014.7,0,19,D1
9494,Union Berlin,0,2014.7,0,19,D1
9495,Bayern Munich,52,2014.6,46,1,D1
9496,M'gladbach,40,2014.6,36,2,D1
9497,Schalke 04,39,2014.6,38,3,D1
9498,Dortmund,38,2014.6,35,4,D1
9499,Leverkusen,37,2014.6,33,5,D1
9500,Wolfsburg,37,2014.6,36,5,D1
9501,Mainz,34,2014.6,33,6,D1
9502,Hannover,32,2014.6,29,7,D1
9503,Hoffenheim,31,2014.6,27,8,D1
9504,Augsburg,30,2014.6,30,9,D1
9505,Werder Bremen,25,2014.6,24,10,D1
9506,Ein Frankfurt,23,2014.6,20,11,D1
9507,Freiburg,23,2014.6,22,11,D1
9508,Hertha,22,2014.6,21,12,D1
9509,Stuttgart,19,2014.6,19,13,D1
9510,Hamburg,18,2014.6,18,14,D1
9511,Braunschweig,18,2014.6,18,14,D1
9512,Nurnberg,14,2014.6,14,15,D1
9513,Paderborn,2,2014.6,0,16,D1
9514,FC Koln,1,2014.6,0,17,D1
9515,RB Leipzig,0,2014.6,0,18,D1
9516,Ingolstadt,0,2014.6,0,18,D1
9517,Fortuna Dusseldorf,0,2014.6,0,18,D1
9518,Darmstadt,0,2014.6,0,18,D1
9519,Union Berlin,0,2014.6,0,18,D1
9520,Bayern Munich,46,2014.5,40,1,D1
9521,Schalke 04,38,2014.5,35,2,D1
9522,Wolfsburg,36,2014.5,32,3,D1
9523,M'gladbach,36,2014.5,33,3,D1
9524,Dortmund,35,2014.5,32,4,D1
9525,Leverkusen,33,2014.5,29,5,D1
9526,Mainz,33,2014.5,27,5,D1
9527,Augsburg,30,2014.5,24,6,D1
9528,Hannover,29,2014.5,25,7,D1
9529,Hoffenheim,27,2014.5,23,8,D1
9530,Werder Bremen,24,2014.5,21,9,D1
9531,Freiburg,22,2014.5,22,10,D1
9532,Hertha,21,2014.5,18,11,D1
9533,Ein Frankfurt,20,2014.5,20,12,D1
9534,Stuttgart,19,2014.5,19,13,D1
9535,Hamburg,18,2014.5,18,14,D1
9536,Braunschweig,18,2014.5,18,14,D1
9537,Nurnberg,14,2014.5,14,15,D1
9538,Ingolstadt,0,2014.5,0,16,D1
9539,Paderborn,0,2014.5,0,16,D1
9540,RB Leipzig,0,2014.5,0,16,D1
9541,Darmstadt,0,2014.5,0,16,D1
9542,Union Berlin,0,2014.5,0,16,D1
9543,FC Koln,0,2014.5,0,16,D1
9544,Fortuna Dusseldorf,0,2014.5,0,16,D1
9545,Bayern Munich,46,2014.4,40,1,D1
9546,Schalke 04,38,2014.4,35,2,D1
9547,M'gladbach,36,2014.4,33,3,D1
9548,Wolfsburg,36,2014.4,32,3,D1
9549,Dortmund,35,2014.4,32,4,D1
9550,Leverkusen,33,2014.4,29,5,D1
9551,Mainz,33,2014.4,27,5,D1
9552,Augsburg,30,2014.4,24,6,D1
9553,Hannover,29,2014.4,25,7,D1
9554,Hoffenheim,27,2014.4,23,8,D1
9555,Werder Bremen,24,2014.4,21,9,D1
9556,Freiburg,22,2014.4,22,10,D1
9557,Hertha,21,2014.4,18,11,D1
9558,Ein Frankfurt,20,2014.4,20,12,D1
9559,Stuttgart,19,2014.4,19,13,D1
9560,Hamburg,18,2014.4,18,14,D1
9561,Braunschweig,18,2014.4,18,14,D1
9562,Nurnberg,14,2014.4,14,15,D1
9563,Ingolstadt,0,2014.4,0,16,D1
9564,Darmstadt,0,2014.4,0,16,D1
9565,Paderborn,0,2014.4,0,16,D1
9566,Fortuna Dusseldorf,0,2014.4,0,16,D1
9567,Union Berlin,0,2014.4,0,16,D1
9568,FC Koln,0,2014.4,0,16,D1
9569,RB Leipzig,0,2014.4,0,16,D1
9570,Bayern Munich,46,2014.3,40,1,D1
9571,Schalke 04,38,2014.3,35,2,D1
9572,Wolfsburg,36,2014.3,32,3,D1
9573,M'gladbach,36,2014.3,33,3,D1
9574,Dortmund,35,2014.3,32,4,D1
9575,Mainz,33,2014.3,27,5,D1
9576,Leverkusen,33,2014.3,29,5,D1
9577,Augsburg,30,2014.3,24,6,D1
9578,Hannover,29,2014.3,25,7,D1
9579,Hoffenheim,27,2014.3,23,8,D1
9580,Werder Bremen,24,2014.3,21,9,D1
9581,Freiburg,22,2014.3,22,10,D1
9582,Hertha,21,2014.3,18,11,D1
9583,Ein Frankfurt,20,2014.3,20,12,D1
9584,Stuttgart,19,2014.3,19,13,D1
9585,Braunschweig,18,2014.3,18,14,D1
9586,Hamburg,18,2014.3,18,14,D1
9587,Nurnberg,14,2014.3,14,15,D1
9588,RB Leipzig,0,2014.3,0,16,D1
9589,Paderborn,0,2014.3,0,16,D1
9590,Darmstadt,0,2014.3,0,16,D1
9591,Fortuna Dusseldorf,0,2014.3,0,16,D1
9592,Ingolstadt,0,2014.3,0,16,D1
9593,Union Berlin,0,2014.3,0,16,D1
9594,FC Koln,0,2014.3,0,16,D1
9595,Bayern Munich,40,2014.2,36,1,D1
9596,Schalke 04,35,2014.2,26,2,D1
9597,M'gladbach,33,2014.2,26,3,D1
9598,Dortmund,32,2014.2,25,4,D1
9599,Wolfsburg,32,2014.2,25,4,D1
9600,Leverkusen,29,2014.2,25,5,D1
9601,Mainz,27,2014.2,21,6,D1
9602,Hannover,25,2014.2,22,7,D1
9603,Augsburg,24,2014.2,20,8,D1
9604,Hoffenheim,23,2014.2,17,9,D1
9605,Freiburg,22,2014.2,10,10,D1
9606,Werder Bremen,21,2014.2,16,11,D1
9607,Ein Frankfurt,20,2014.2,14,12,D1
9608,Stuttgart,19,2014.2,10,13,D1
9609,Hamburg,18,2014.2,11,14,D1
9610,Hertha,18,2014.2,17,14,D1
9611,Braunschweig,18,2014.2,11,14,D1
9612,Nurnberg,14,2014.2,11,15,D1
9613,RB Leipzig,0,2014.2,0,16,D1
9614,Fortuna Dusseldorf,0,2014.2,0,16,D1
9615,Darmstadt,0,2014.2,0,16,D1
9616,FC Koln,0,2014.2,0,16,D1
9617,Union Berlin,0,2014.2,0,16,D1
9618,Ingolstadt,0,2014.2,0,16,D1
9619,Paderborn,0,2014.2,0,16,D1
9620,Bayern Munich,36,2014.1,30,1,D1
9621,M'gladbach,26,2014.1,25,2,D1
9622,Schalke 04,26,2014.1,19,2,D1
9623,Leverkusen,25,2014.1,25,3,D1
9624,Wolfsburg,25,2014.1,19,3,D1
9625,Dortmund,25,2014.1,19,3,D1
9626,Hannover,22,2014.1,21,4,D1
9627,Mainz,21,2014.1,17,5,D1
9628,Augsburg,20,2014.1,19,6,D1
9629,Hoffenheim,17,2014.1,11,7,D1
9630,Hertha,17,2014.1,16,7,D1
9631,Werder Bremen,16,2014.1,12,8,D1
9632,Ein Frankfurt,14,2014.1,7,9,D1
9633,Nurnberg,11,2014.1,8,10,D1
9634,Braunschweig,11,2014.1,7,10,D1
9635,Hamburg,11,2014.1,7,10,D1
9636,Freiburg,10,2014.1,9,11,D1
9637,Stuttgart,10,2014.1,9,11,D1
9638,RB Leipzig,0,2014.1,0,12,D1
9639,Fortuna Dusseldorf,0,2014.1,0,12,D1
9640,Paderborn,0,2014.1,0,12,D1
9641,FC Koln,0,2014.1,0,12,D1
9642,Ingolstadt,0,2014.1,0,12,D1
9643,Union Berlin,0,2014.1,0,12,D1
9644,Darmstadt,0,2014.1,0,12,D1
9645,Bayern Munich,30,2014.0,27,1,D1
9646,M'gladbach,25,2014.0,25,2,D1
9647,Leverkusen,25,2014.0,22,2,D1
9648,Hannover,21,2014.0,18,3,D1
9649,Augsburg,19,2014.0,16,4,D1
9650,Schalke 04,19,2014.0,16,4,D1
9651,Wolfsburg,19,2014.0,19,4,D1
9652,Dortmund,19,2014.0,18,4,D1
9653,Mainz,17,2014.0,14,5,D1
9654,Hertha,16,2014.0,16,6,D1
9655,Werder Bremen,12,2014.0,11,7,D1
9656,Hoffenheim,11,2014.0,8,8,D1
9657,Stuttgart,9,2014.0,9,9,D1
9658,Freiburg,9,2014.0,6,9,D1
9659,Nurnberg,8,2014.0,5,10,D1
9660,Hamburg,7,2014.0,7,11,D1
9661,Ein Frankfurt,7,2014.0,4,11,D1
9662,Braunschweig,7,2014.0,7,11,D1
9663,Ingolstadt,0,2014.0,0,12,D1
9664,FC Koln,0,2014.0,0,12,D1
9665,Union Berlin,0,2014.0,0,12,D1
9666,RB Leipzig,0,2014.0,0,12,D1
9667,Fortuna Dusseldorf,0,2014.0,0,12,D1
9668,Paderborn,0,2014.0,0,12,D1
9669,Darmstadt,0,2014.0,0,12,D1
9670,Bayern Munich,27,2013.9,21,1,D1
9671,M'gladbach,25,2013.9,18,2,D1
9672,Leverkusen,22,2013.9,19,3,D1
9673,Wolfsburg,19,2013.9,15,4,D1
9674,Hannover,18,2013.9,14,5,D1
9675,Dortmund,18,2013.9,18,5,D1
9676,Augsburg,16,2013.9,13,6,D1
9677,Hertha,16,2013.9,12,6,D1
9678,Schalke 04,16,2013.9,10,6,D1
9679,Mainz,14,2013.9,13,7,D1
9680,Werder Bremen,11,2013.9,8,8,D1
9681,Stuttgart,9,2013.9,6,9,D1
9682,Hoffenheim,8,2013.9,6,10,D1
9683,Hamburg,7,2013.9,7,11,D1
9684,Braunschweig,7,2013.9,4,11,D1
9685,Freiburg,6,2013.9,3,12,D1
9686,Nurnberg,5,2013.9,3,13,D1
9687,Ein Frankfurt,4,2013.9,3,14,D1
9688,FC Koln,0,2013.9,0,15,D1
9689,Fortuna Dusseldorf,0,2013.9,0,15,D1
9690,Ingolstadt,0,2013.9,0,15,D1
9691,Paderborn,0,2013.9,0,15,D1
9692,Darmstadt,0,2013.9,0,15,D1
9693,RB Leipzig,0,2013.9,0,15,D1
9694,Union Berlin,0,2013.9,0,15,D1
9695,Bayern Munich,21,2013.8,15,1,D1
9696,Leverkusen,19,2013.8,13,2,D1
9697,Dortmund,18,2013.8,15,3,D1
9698,M'gladbach,18,2013.8,12,3,D1
9699,Wolfsburg,15,2013.8,9,4,D1
9700,Hannover,14,2013.8,13,5,D1
9701,Mainz,13,2013.8,7,6,D1
9702,Augsburg,13,2013.8,7,6,D1
9703,Hertha,12,2013.8,12,7,D1
9704,Schalke 04,10,2013.8,7,8,D1
9705,Werder Bremen,8,2013.8,5,9,D1
9706,Hamburg,7,2013.8,3,10,D1
9707,Hoffenheim,6,2013.8,6,11,D1
9708,Stuttgart,6,2013.8,5,11,D1
9709,Braunschweig,4,2013.8,1,12,D1
9710,Freiburg,3,2013.8,3,13,D1
9711,Nurnberg,3,2013.8,2,13,D1
9712,Ein Frankfurt,3,2013.8,2,13,D1
9713,Paderborn,0,2013.8,0,14,D1
9714,Fortuna Dusseldorf,0,2013.8,0,14,D1
9715,Ingolstadt,0,2013.8,0,14,D1
9716,Union Berlin,0,2013.8,0,14,D1
9717,FC Koln,0,2013.8,0,14,D1
9718,Darmstadt,0,2013.8,0,14,D1
9719,RB Leipzig,0,2013.8,0,14,D1
9720,Bayern Munich,15,2013.7,6,1,D1
9721,Dortmund,15,2013.7,6,1,D1
9722,Hannover,13,2013.7,9,2,D1
9723,Leverkusen,13,2013.7,6,2,D1
9724,M'gladbach,12,2013.7,6,3,D1
9725,Hertha,12,2013.7,6,3,D1
9726,Wolfsburg,9,2013.7,6,4,D1
9727,Augsburg,7,2013.7,3,5,D1
9728,Mainz,7,2013.7,6,5,D1
9729,Schalke 04,7,2013.7,4,5,D1
9730,Hoffenheim,6,2013.7,2,6,D1
9731,Stuttgart,5,2013.7,3,7,D1
9732,Werder Bremen,5,2013.7,3,7,D1
9733,Hamburg,3,2013.7,3,8,D1
9734,Freiburg,3,2013.7,1,8,D1
9735,Ein Frankfurt,2,2013.7,0,9,D1
9736,Nurnberg,2,2013.7,1,9,D1
9737,Braunschweig,1,2013.7,0,10,D1
9738,Darmstadt,0,2013.7,0,11,D1
9739,Ingolstadt,0,2013.7,0,11,D1
9740,RB Leipzig,0,2013.7,0,11,D1
9741,FC Koln,0,2013.7,0,11,D1
9742,Paderborn,0,2013.7,0,11,D1
9743,Union Berlin,0,2013.7,0,11,D1
9744,Fortuna Dusseldorf,0,2013.7,0,11,D1
9745,Hannover,9,2013.6,0,1,D1
9746,M'gladbach,6,2013.6,0,2,D1
9747,Mainz,6,2013.6,0,2,D1
9748,Bayern Munich,6,2013.6,0,2,D1
9749,Wolfsburg,6,2013.6,0,2,D1
9750,Hertha,6,2013.6,0,2,D1
9751,Leverkusen,6,2013.6,0,2,D1
9752,Dortmund,6,2013.6,0,2,D1
9753,Schalke 04,4,2013.6,0,3,D1
9754,Augsburg,3,2013.6,0,4,D1
9755,Werder Bremen,3,2013.6,0,4,D1
9756,Stuttgart,3,2013.6,0,4,D1
9757,Hamburg,3,2013.6,0,4,D1
9758,Hoffenheim,2,2013.6,0,5,D1
9759,Nurnberg,1,2013.6,0,6,D1
9760,Freiburg,1,2013.6,0,6,D1
9761,Fortuna Dusseldorf,0,2013.6,0,7,D1
9762,Paderborn,0,2013.6,0,7,D1
9763,Union Berlin,0,2013.6,0,7,D1
9764,FC Koln,0,2013.6,0,7,D1
9765,Darmstadt,0,2013.6,0,7,D1
9766,Ingolstadt,0,2013.6,0,7,D1
9767,Ein Frankfurt,0,2013.6,0,7,D1
9768,Braunschweig,0,2013.6,0,7,D1
9769,RB Leipzig,0,2013.6,0,7,D1
